<manifest version="2.0" type="device" target-level="5">
    <hal format="hidl">
        <name>android.hardware.audio</name>
        <transport>hwbinder</transport>
        <fqname>@6.0::IDevicesFactory/default</fqname>
    </hal>
    <hal format="hidl">
        <name>android.hardware.audio.effect</name>
        <transport>hwbinder</transport>
        <fqname>@6.0::IEffectsFactory/default</fqname>
    </hal>
    <hal format="hidl">
        <name>android.hardware.bluetooth</name>
        <transport>hwbinder</transport>
        <fqname>@1.0::IBluetoothHci/default</fqname>
    </hal>
    <hal format="hidl">
        <name>android.hardware.bluetooth.audio</name>
        <transport>hwbinder</transport>
        <fqname>@2.0::IBluetoothAudioProvidersFactory/default</fqname>
    </hal>
    <hal format="hidl">
        <name>android.hardware.boot</name>
        <transport>hwbinder</transport>
        <fqname>@1.0::IBootControl/default</fqname>
    </hal>
    <hal format="hidl">
        <name>android.hardware.camera.provider</name>
        <transport>hwbinder</transport>
        <fqname>@2.6::ICameraProvider/internal/0</fqname>
    </hal>
    <hal format="hidl">
        <name>android.hardware.gatekeeper</name>
        <transport>hwbinder</transport>
        <fqname>@1.0::IGatekeeper/default</fqname>
    </hal>
    <hal format="hidl">
        <name>android.hardware.gnss</name>
        <transport>hwbinder</transport>
        <fqname>@1.1::IGnss/default</fqname>
        <fqname>@2.1::IGnss/default</fqname>
    </hal>
    <hal format="hidl">
        <name>android.hardware.graphics.allocator</name>
        <transport>hwbinder</transport>
        <fqname>@4.0::IAllocator/default</fqname>
    </hal>
    <hal format="hidl">
        <name>android.hardware.graphics.composer</name>
        <transport>hwbinder</transport>
        <fqname>@2.1::IComposer/default</fqname>
    </hal>
    <hal format="hidl">
        <name>android.hardware.graphics.mapper</name>
        <transport arch="32+64">passthrough</transport>
        <fqname>@4.0::IMapper/default</fqname>
    </hal>
    <hal format="hidl">
        <name>android.hardware.keymaster</name>
        <transport>hwbinder</transport>
        <fqname>@4.0::IKeymasterDevice/default</fqname>
    </hal>
    <hal format="hidl">
        <name>android.hardware.media.omx</name>
        <transport>hwbinder</transport>
        <fqname>@1.0::IOmx/default</fqname>
        <fqname>@1.0::IOmxStore/default</fqname>
    </hal>
    <hal format="hidl">
        <name>android.hardware.memtrack</name>
        <transport>hwbinder</transport>
        <fqname>@1.0::IMemtrack/default</fqname>
    </hal>
    <hal format="hidl">
        <name>android.hardware.radio</name>
        <transport>hwbinder</transport>
        <fqname>@1.2::IRadio/em1</fqname>
        <fqname>@1.2::IRadio/em2</fqname>
        <fqname>@1.2::IRadio/imsAospSlot1</fqname>
        <fqname>@1.2::IRadio/imsAospSlot2</fqname>
        <fqname>@1.2::IRadio/se1</fqname>
        <fqname>@1.2::IRadio/se2</fqname>
        <fqname>@1.2::IRadio/slot1</fqname>
        <fqname>@1.2::IRadio/slot2</fqname>
        <fqname>@1.2::ISap/slot1</fqname>
        <fqname>@1.2::ISap/slot2</fqname>
        <fqname>@1.5::IRadio/em1</fqname>
        <fqname>@1.5::IRadio/em2</fqname>
        <fqname>@1.5::IRadio/imsAospSlot1</fqname>
        <fqname>@1.5::IRadio/imsAospSlot2</fqname>
        <fqname>@1.5::IRadio/se1</fqname>
        <fqname>@1.5::IRadio/se2</fqname>
        <fqname>@1.5::IRadio/slot1</fqname>
        <fqname>@1.5::IRadio/slot2</fqname>
    </hal>
    <hal format="hidl">
        <name>android.hardware.radio.config</name>
        <transport>hwbinder</transport>
        <fqname>@1.1::IRadioConfig/default</fqname>
    </hal>
    <hal format="hidl">
        <name>android.hardware.renderscript</name>
        <transport arch="32+64">passthrough</transport>
        <fqname>@1.0::IDevice/default</fqname>
    </hal>
    <hal format="hidl">
        <name>android.hardware.secure_element</name>
        <transport>hwbinder</transport>
        <fqname>@1.2::ISecureElement/SIM1</fqname>
        <fqname>@1.2::ISecureElement/SIM2</fqname>
    </hal>
    <hal format="hidl">
        <name>android.hardware.sensors</name>
        <transport>hwbinder</transport>
        <fqname>@2.0::ISensors/default</fqname>
    </hal>
    <hal format="hidl">
        <name>android.hardware.thermal</name>
        <transport>hwbinder</transport>
        <fqname>@1.0::IThermal/default</fqname>
        <fqname>@2.0::IThermal/default</fqname>
    </hal>
    <hal format="hidl">
        <name>android.hardware.usb</name>
        <transport>hwbinder</transport>
        <fqname>@1.1::IUsb/default</fqname>
    </hal>
    <hal format="hidl">
        <name>android.hardware.usb.gadget</name>
        <transport>hwbinder</transport>
        <fqname>@1.1::IUsbGadget/default</fqname>
    </hal>
    <hal format="hidl">
        <name>vendor.fpsensor.hardware.fpsensorhidlsvc</name>
        <transport>hwbinder</transport>
        <fqname>@2.0::IFpsensorHidlSvc/default</fqname>
    </hal>
    <hal format="hidl">
        <name>vendor.mediatek.hardware.aee</name>
        <transport>hwbinder</transport>
        <fqname>@1.0::IAee/AEE</fqname>
        <fqname>@1.0::IAee/default</fqname>
    </hal>
    <hal format="hidl">
        <name>vendor.mediatek.hardware.atci</name>
        <transport>hwbinder</transport>
        <fqname>@1.0::IAtcid/default</fqname>
    </hal>
    <hal format="hidl">
        <name>vendor.mediatek.hardware.bluetooth.audio</name>
        <transport>hwbinder</transport>
        <fqname>@2.1::IBluetoothAudioProvidersFactory/default</fqname>
    </hal>
    <hal format="hidl">
        <name>vendor.mediatek.hardware.camera.bgservice</name>
        <transport>hwbinder</transport>
        <fqname>@1.1::IBGService/internal/0</fqname>
    </hal>
    <hal format="hidl">
        <name>vendor.mediatek.hardware.camera.isphal</name>
        <transport>hwbinder</transport>
        <fqname>@1.0::IISPModule/internal/0</fqname>
    </hal>
    <hal format="hidl">
        <name>vendor.mediatek.hardware.dfps</name>
        <transport>hwbinder</transport>
        <fqname>@1.0::IFpsPolicyService/default</fqname>
    </hal>
    <hal format="hidl">
        <name>vendor.mediatek.hardware.engineermode</name>
        <transport>hwbinder</transport>
        <fqname>@1.3::IEmd/EmHidlServer</fqname>
    </hal>
    <hal format="hidl">
        <name>vendor.mediatek.hardware.keymaster_attestation</name>
        <transport>hwbinder</transport>
        <fqname>@1.1::IKeymasterDevice/default</fqname>
    </hal>
    <hal format="hidl">
        <name>vendor.mediatek.hardware.lbs</name>
        <transport>hwbinder</transport>
        <fqname>@1.0::ILbs/AgpsDebugInterface</fqname>
        <fqname>@1.0::ILbs/AgpsInterface</fqname>
        <fqname>@1.0::ILbs/mtk_agps2framework</fqname>
        <fqname>@1.0::ILbs/mtk_debugService2mnld</fqname>
        <fqname>@1.0::ILbs/mtk_framework2agps</fqname>
        <fqname>@1.0::ILbs/mtk_lbs_log_v2s</fqname>
        <fqname>@1.0::ILbs/mtk_lppe_socket_agps</fqname>
        <fqname>@1.0::ILbs/mtk_lppe_socket_bt</fqname>
        <fqname>@1.0::ILbs/mtk_lppe_socket_ipaddr</fqname>
        <fqname>@1.0::ILbs/mtk_lppe_socket_lbs</fqname>
        <fqname>@1.0::ILbs/mtk_lppe_socket_network</fqname>
        <fqname>@1.0::ILbs/mtk_lppe_socket_sensor</fqname>
        <fqname>@1.0::ILbs/mtk_lppe_socket_wlan</fqname>
        <fqname>@1.0::ILbs/mtk_meta2mnld</fqname>
        <fqname>@1.0::ILbs/mtk_mnld2debugService</fqname>
        <fqname>@1.0::ILbs/mtk_mnld2mtklogger</fqname>
        <fqname>@1.0::ILbs/mtk_mnld2nlputils</fqname>
        <fqname>@1.0::ILbs/mtk_mtklogger2mnld</fqname>
    </hal>
    <hal format="hidl">
        <name>vendor.mediatek.hardware.log</name>
        <transport>hwbinder</transport>
        <fqname>@1.0::ILog/ATMWiFiHidlServer</fqname>
        <fqname>@1.0::ILog/ConnsysFWHidlServer</fqname>
        <fqname>@1.0::ILog/MobileLogHidlServer</fqname>
        <fqname>@1.0::ILog/ModemLogHidlServer</fqname>
    </hal>
    <hal format="hidl">
        <name>vendor.mediatek.hardware.mdmonitor</name>
        <transport>hwbinder</transport>
        <fqname>@1.0::IMDMonitorService/default</fqname>
    </hal>
    <hal format="hidl">
        <name>vendor.mediatek.hardware.mms</name>
        <transport>hwbinder</transport>
        <fqname>@1.5::IMms/default</fqname>
    </hal>
    <hal format="hidl">
        <name>vendor.mediatek.hardware.mtkcodecservice</name>
        <transport>hwbinder</transport>
        <fqname>@1.1::IMtkCodecService/default</fqname>
    </hal>
    <hal format="hidl">
        <name>vendor.mediatek.hardware.mtkpower</name>
        <transport>hwbinder</transport>
        <fqname>@1.1::IMtkPerf/default</fqname>
        <fqname>@1.1::IMtkPower/default</fqname>
    </hal>
    <hal format="hidl">
        <name>vendor.mediatek.hardware.mtkradioex</name>
        <transport>hwbinder</transport>
        <fqname>@2.2::IMtkRadioEx/imsSlot1</fqname>
        <fqname>@2.2::IMtkRadioEx/imsSlot2</fqname>
        <fqname>@2.2::IMtkRadioEx/mtkAssist1</fqname>
        <fqname>@2.2::IMtkRadioEx/mtkAssist2</fqname>
        <fqname>@2.2::IMtkRadioEx/mtkCap1</fqname>
        <fqname>@2.2::IMtkRadioEx/mtkCap2</fqname>
        <fqname>@2.2::IMtkRadioEx/mtkEm1</fqname>
        <fqname>@2.2::IMtkRadioEx/mtkEm2</fqname>
        <fqname>@2.2::IMtkRadioEx/mtkRcs1</fqname>
        <fqname>@2.2::IMtkRadioEx/mtkRcs2</fqname>
        <fqname>@2.2::IMtkRadioEx/mtkSe1</fqname>
        <fqname>@2.2::IMtkRadioEx/mtkSe2</fqname>
        <fqname>@2.2::IMtkRadioEx/mtkSlot1</fqname>
        <fqname>@2.2::IMtkRadioEx/mtkSlot2</fqname>
        <fqname>@2.2::IMtkRadioEx/mtkSmartRatSwitch1</fqname>
        <fqname>@2.2::IMtkRadioEx/mtkSmartRatSwitch2</fqname>
    </hal>
    <hal format="hidl">
        <name>vendor.mediatek.hardware.netdagent</name>
        <transport>hwbinder</transport>
        <fqname>@1.0::INetdagent/default</fqname>
    </hal>
    <hal format="hidl">
        <name>vendor.mediatek.hardware.nvram</name>
        <transport>hwbinder</transport>
        <fqname>@1.1::INvram/default</fqname>
    </hal>
    <hal format="hidl">
        <name>vendor.mediatek.hardware.nwk_opt</name>
        <transport>hwbinder</transport>
        <fqname>@1.0::INwkOpt/default</fqname>
    </hal>
    <hal format="hidl">
        <name>vendor.mediatek.hardware.pq</name>
        <transport>hwbinder</transport>
        <fqname>@2.6::IPictureQuality/default</fqname>
    </hal>
    <hal format="hidl">
        <name>vendor.mediatek.hardware.videotelephony</name>
        <transport>hwbinder</transport>
        <fqname>@1.0::IVideoTelephony/default</fqname>
    </hal>
    <hal format="hidl">
        <name>vendor.mediatek.hardware.wifi.supplicant</name>
        <transport>hwbinder</transport>
        <fqname>@2.0::ISupplicant/default</fqname>
    </hal>
    <hal format="hidl">
        <name>vendor.transsion.hardware.tranlog</name>
        <transport>hwbinder</transport>
        <fqname>@1.0::ITranLog/default</fqname>
    </hal>
    <hal format="hidl">
        <name>vendor.transsion.hardware.tranlogconfig</name>
        <transport>hwbinder</transport>
        <fqname>@1.0::ITranLogConfig/default</fqname>
    </hal>
</manifest>
